BEGIN TRANSACTION;
CREATE TABLE IF NOT EXISTS "TANTECEDENTES" (
	"id"	INTEGER,
	"paciente_id"	INTEGER,
	"antecedente"	TEXT,
	"fecha_comienzo"	TEXT,
	"informacion"	TEXT,
	FOREIGN KEY("paciente_id") REFERENCES "THISTORIALES"("idPaciente"),
	PRIMARY KEY("id")
);
CREATE TABLE IF NOT EXISTS "TASIGNADOA" (
	"ID_CITA"	INTEGER,
	"ID_MEDICO"	INTEGER,
	FOREIGN KEY("ID_CITA") REFERENCES "TCITAS"("ID"),
	FOREIGN KEY("ID_MEDICO") REFERENCES "TMEDICOS"("ID"),
	PRIMARY KEY("ID_CITA","ID_MEDICO")
);
CREATE TABLE IF NOT EXISTS "TCAUSA" (
	"OBSERVATIONS"	TEXT,
	"DATE"	TEXT NOT NULL,
	"HOUR"	TEXT NOT NULL,
	"NAME"	TEXT NOT NULL,
	"ID"	INTEGER NOT NULL,
	FOREIGN KEY("ID") REFERENCES "TCITAS"("ID")
);
CREATE TABLE IF NOT EXISTS "TCITAS" (
	"ID"	NUMERIC,
	"HORARIO_INICIO"	TEXT,
	"HORARIO_FIN"	TEXT,
	"UBICACION"	TEXT,
	"ID_PACIENTE"	INTEGER NOT NULL,
	"ID_MEDICO"	BLOB,
	"ACUDIO"	TEXT,
	"FECHA"	TEXT,
	"INFORMACION"	TEXT,
	"ESPECIALIDAD"	TEXT,
	"HORA_ENTRADA"	TEXT,
	"HORA_SALIDA"	TEXT,
	FOREIGN KEY("ID_PACIENTE") REFERENCES "TPACIENTES"("ID"),
	FOREIGN KEY("ID_MEDICO") REFERENCES "TMEDICOS"("ID"),
	PRIMARY KEY("ID")
);
CREATE TABLE IF NOT EXISTS "TDIAGNOSTICOS" (
	"id"	INTEGER,
	"id_paciente"	INTEGER,
	"diagnostico"	TEXT,
	"fecha"	TEXT,
	"id_medico"	INTEGER,
	"hora_creacion"	TEXT,
	"actual"	INTEGER,
	FOREIGN KEY("id_paciente") REFERENCES "THISTORIALES"("idPaciente"),
	FOREIGN KEY("id_medico") REFERENCES "TMEDICOS"("ID"),
	PRIMARY KEY("id")
);
CREATE TABLE IF NOT EXISTS "TENFERMEROS" (
	"ID"	INTEGER NOT NULL UNIQUE,
	"NOMBRE"	TEXT,
	PRIMARY KEY("ID" AUTOINCREMENT)
);
CREATE TABLE IF NOT EXISTS "THISTORIALES" (
	"IDPACIENTE"	INTEGER,
	"INFORMACIONADICIONAL"	TEXT,
	FOREIGN KEY("IDPACIENTE") REFERENCES "TPACIENTES"("ID"),
	PRIMARY KEY("IDPACIENTE")
);
CREATE TABLE IF NOT EXISTS "TJORNADALABORAL" (
	"ID"	INTEGER NOT NULL UNIQUE,
	"ID_TRABAJADOR"	INTEGER NOT NULL,
	"DIA_COMIENZO"	TEXT NOT NULL,
	"HORA_ENTRADA"	TEXT NOT NULL,
	"DIA_FIN"	TEXT NOT NULL,
	"HORA_SALIDA"	TEXT NOT NULL,
	"LUNES"	INTEGER DEFAULT 0,
	"MARTES"	INTEGER DEFAULT 0,
	"MIERCOLES"	INTEGER DEFAULT 0,
	"JUEVES"	INTEGER DEFAULT 0,
	"VIERNES"	INTEGER DEFAULT 0,
	"SABADO"	INTEGER DEFAULT 0,
	"DOMINGO"	INTEGER DEFAULT 0,
	FOREIGN KEY("ID_TRABAJADOR") REFERENCES "TTRABAJADORES"("ID"),
	PRIMARY KEY("ID" AUTOINCREMENT)
);
CREATE TABLE IF NOT EXISTS "TMEDICOS" (
	"ID"	INTEGER NOT NULL UNIQUE,
	"NOMBRE"	TEXT,
	"ESPECIALIDAD"	TEXT,
	"EMAIL"	TEXT,
	PRIMARY KEY("ID")
);
CREATE TABLE IF NOT EXISTS "TPACIENTES" (
	"ID"	INTEGER NOT NULL,
	"NOMBRE"	TEXT,
	"INFO_CONTACTO"	TEXT,
	"APELLIDO"	TEXT,
	PRIMARY KEY("ID")
);
CREATE TABLE IF NOT EXISTS "TPRESCRIPCIONES" (
	"ID"	INTEGER NOT NULL UNIQUE,
	"PACIENTE_ID"	INTEGER,
	"NOMBRE"	TEXT NOT NULL,
	"INDICACIONES"	TEXT NOT NULL,
	"MEDICAMENTO"	INTEGER,
	"CANTIDAD"	TEXT,
	"INTERVALO"	TEXT,
	"DURACION"	TEXT,
	"FECHA"	TEXT,
	"HORA"	TEXT,
	FOREIGN KEY("PACIENTE_ID") REFERENCES "TPACIENTES"("ID"),
	PRIMARY KEY("ID" AUTOINCREMENT)
);
CREATE TABLE IF NOT EXISTS "TPROCEDIMIENTOS" (
	"id"	INTEGER,
	"cita_id"	INTEGER,
	"procedimiento"	TEXT,
	"fecha"	TEXT,
	"hora"	TEXT,
	FOREIGN KEY("cita_id") REFERENCES "TCITAS"("id"),
	PRIMARY KEY("id")
);
CREATE TABLE IF NOT EXISTS "TVACUNAS" (
	"ID"	INTEGER,
	"PACIENTE_ID"	INTEGER,
	"VACUNA"	TEXT,
	"FECHA"	TEXT,
	"HORA"	TEXT,
	FOREIGN KEY("PACIENTE_ID") REFERENCES "TPACIENTES"("ID"),
	PRIMARY KEY("ID")
);
CREATE TABLE IF NOT EXISTS "TTRABAJADORES" (
	"ID"	INTEGER NOT NULL UNIQUE,
	"CATEGORIA"	TEXT NOT NULL,
	"ID_MEDICO"	INTEGER,
	"ID_ENFERMERO"	INTEGER,
	FOREIGN KEY("ID_ENFERMERO") REFERENCES "TENFERMEROS"("ID"),
	FOREIGN KEY("ID_MEDICO") REFERENCES "TMEDICOS"("ID"),
	PRIMARY KEY("ID" AUTOINCREMENT)
);
CREATE TABLE IF NOT EXISTS "TUSUARIOS" (
	"ID"	INTEGER NOT NULL UNIQUE,
	"USER"	TEXT NOT NULL UNIQUE,
	"PASSWORD"	TEXT,
	"CATEGORY"	TEXT NOT NULL,
	"ID_ASOCIADO"	INTEGER NOT NULL,
	"EMAIL"	TEXT NOT NULL UNIQUE,
	"EXPIRATION"	BLOB,
	PRIMARY KEY("ID" AUTOINCREMENT)
);
CREATE TABLE IF NOT EXISTS "TUSERS" (
	"ID"	INTEGER NOT NULL UNIQUE,
	"USER"	TEXT NOT NULL UNIQUE,
	"PASSWORD"	TEXT,
	"CATEGORY"	TEXT NOT NULL,
	"ID_ASOCIADO"	INTEGER NOT NULL,
	"EMAIL"	TEXT NOT NULL UNIQUE,
	"EXPIRATION"	BLOB,
	PRIMARY KEY("ID" AUTOINCREMENT)
);
CREATE TABLE IF NOT EXISTS "TCITASPENDIENTES" (
	"ID"	INTEGER,
	"HORA_ENTRADA"	TEXT,
	"HORA_SALIDA"	TEXT,
	"UBICACION"	TEXT,
	"ID_PACIENTE"	INTEGER,
	"ID_MEDICO"	INTEGER,
	"FECHA"	TEXT,
	"CONTACTO_MEDICO"	TEXT,
	"ESTADO"	TEXT,
	FOREIGN KEY("ID_MEDICO") REFERENCES "TMEDICOS"("ID"),
	FOREIGN KEY("ID_PACIENTE") REFERENCES "TPACIENTES"("ID")
);
CREATE TABLE IF NOT EXISTS "TMENSAJES" (
	"ASUNTO"	TEXT,
	"MENSAJE"	TEXT,
	"REMITENTE"	INTEGER,
	"DESTINATARIO"	INTEGER,
	"ADJUNTO"	TEXT,
	"HORA_DE_ENVIO"	TEXT
);
CREATE TABLE IF NOT EXISTS "TASIGNADOAPENDIENTE" (
	"ID_CITA"	INTEGER,
	"ID_MEDICO"	INTEGER,
	FOREIGN KEY("ID_MEDICO") REFERENCES "TMEDICOS"("ID"),
	PRIMARY KEY("ID_CITA","ID_MEDICO")
);
CREATE TABLE IF NOT EXISTS "TREGISTRO" (
	"ID"	INTEGER NOT NULL UNIQUE,
	"QUIEN"	TEXT,
	"QUE"	TEXT,
	"FECHA"	TEXT,
	"HORA"	TEXT,
	FOREIGN KEY("QUIEN") REFERENCES "TUSERS"("USER"),
	PRIMARY KEY("ID" AUTOINCREMENT)
);
INSERT INTO "TANTECEDENTES" ("id","paciente_id","antecedente","fecha_comienzo","informacion") VALUES (1,1,'Asma-ERROR','26-11-2021',NULL);
INSERT INTO "TANTECEDENTES" ("id","paciente_id","antecedente","fecha_comienzo","informacion") VALUES (2,1,'Alergia','26-11-2021',NULL);
INSERT INTO "TANTECEDENTES" ("id","paciente_id","antecedente","fecha_comienzo","informacion") VALUES (3,2,'Varicela-ERROR','29-11-2021','');
INSERT INTO "TANTECEDENTES" ("id","paciente_id","antecedente","fecha_comienzo","informacion") VALUES (4,2,'Varicela-ERROR','29-11-2021','');
INSERT INTO "TASIGNADOA" ("ID_CITA","ID_MEDICO") VALUES (10843828,2);
INSERT INTO "TASIGNADOA" ("ID_CITA","ID_MEDICO") VALUES (10843828,3);
INSERT INTO "TASIGNADOA" ("ID_CITA","ID_MEDICO") VALUES (10843828,1);
INSERT INTO "TASIGNADOA" ("ID_CITA","ID_MEDICO") VALUES (1262313861,1);
INSERT INTO "TASIGNADOA" ("ID_CITA","ID_MEDICO") VALUES (1262313861,2);
INSERT INTO "TASIGNADOA" ("ID_CITA","ID_MEDICO") VALUES (1262313861,3);
INSERT INTO "TCAUSA" ("OBSERVATIONS","DATE","HOUR","NAME","ID") VALUES ('','31 / 2 / 2021','-9 : 41','LUMBAGIA',182922447);
INSERT INTO "TCAUSA" ("OBSERVATIONS","DATE","HOUR","NAME","ID") VALUES ('','29 / 11 / 2021','23 : 46','INFECCIÓN GASTROINTESTINAL',106129416);
INSERT INTO "TCITAS" ("ID","HORARIO_INICIO","HORARIO_FIN","UBICACION","ID_PACIENTE","ID_MEDICO","ACUDIO","FECHA","INFORMACION","ESPECIALIDAD","HORA_ENTRADA","HORA_SALIDA") VALUES (1028474370,'12:28','13:28','Sala 1',1,2,'Acudio','26-11-2021',NULL,NULL,NULL,NULL);
INSERT INTO "TCITAS" ("ID","HORARIO_INICIO","HORARIO_FIN","UBICACION","ID_PACIENTE","ID_MEDICO","ACUDIO","FECHA","INFORMACION","ESPECIALIDAD","HORA_ENTRADA","HORA_SALIDA") VALUES (1919922959,'18 : 10','19 : 10','Urgencias',2,1,NULL,'27-11-2021',NULL,NULL,NULL,NULL);
INSERT INTO "TCITAS" ("ID","HORARIO_INICIO","HORARIO_FIN","UBICACION","ID_PACIENTE","ID_MEDICO","ACUDIO","FECHA","INFORMACION","ESPECIALIDAD","HORA_ENTRADA","HORA_SALIDA") VALUES (43372170,'18 : 15','19 : 15','Sala 4',3,2,NULL,'27-11-2021',NULL,NULL,NULL,NULL);
INSERT INTO "TCITAS" ("ID","HORARIO_INICIO","HORARIO_FIN","UBICACION","ID_PACIENTE","ID_MEDICO","ACUDIO","FECHA","INFORMACION","ESPECIALIDAD","HORA_ENTRADA","HORA_SALIDA") VALUES (244256393,'18 : 18','19 : 18','Sala 5',2,2,NULL,'27-11-2021',NULL,NULL,NULL,NULL);
INSERT INTO "TCITAS" ("ID","HORARIO_INICIO","HORARIO_FIN","UBICACION","ID_PACIENTE","ID_MEDICO","ACUDIO","FECHA","INFORMACION","ESPECIALIDAD","HORA_ENTRADA","HORA_SALIDA") VALUES (730132537,'18 : 22','19 : 22','Sala 8',1,2,NULL,'27-11-2021',NULL,NULL,NULL,NULL);
INSERT INTO "TCITAS" ("ID","HORARIO_INICIO","HORARIO_FIN","UBICACION","ID_PACIENTE","ID_MEDICO","ACUDIO","FECHA","INFORMACION","ESPECIALIDAD","HORA_ENTRADA","HORA_SALIDA") VALUES (1160845352,'19 : 45','20 : 45','Sala 10',1,2,NULL,'27-11-2021',NULL,NULL,NULL,NULL);
INSERT INTO "TCITAS" ("ID","HORARIO_INICIO","HORARIO_FIN","UBICACION","ID_PACIENTE","ID_MEDICO","ACUDIO","FECHA","INFORMACION","ESPECIALIDAD","HORA_ENTRADA","HORA_SALIDA") VALUES (1222472850,'19 : 02','20 : 02','Sala 15',1,1,NULL,'27-11-2021',NULL,NULL,NULL,NULL);
INSERT INTO "TCITAS" ("ID","HORARIO_INICIO","HORARIO_FIN","UBICACION","ID_PACIENTE","ID_MEDICO","ACUDIO","FECHA","INFORMACION","ESPECIALIDAD","HORA_ENTRADA","HORA_SALIDA") VALUES (182922447,'16 : 48','17 : 48','Sala 2',1,1,NULL,'29-11-2021',NULL,NULL,NULL,NULL);
INSERT INTO "TCITAS" ("ID","HORARIO_INICIO","HORARIO_FIN","UBICACION","ID_PACIENTE","ID_MEDICO","ACUDIO","FECHA","INFORMACION","ESPECIALIDAD","HORA_ENTRADA","HORA_SALIDA") VALUES (1809596795,'16 : 55','17 : 55','Sala 10',1,1,NULL,'29-11-2021',NULL,NULL,NULL,NULL);
INSERT INTO "TCITAS" ("ID","HORARIO_INICIO","HORARIO_FIN","UBICACION","ID_PACIENTE","ID_MEDICO","ACUDIO","FECHA","INFORMACION","ESPECIALIDAD","HORA_ENTRADA","HORA_SALIDA") VALUES (106129416,'20 : 07','21 : 07',NULL,1,2,'No acudió','29-11-2021',NULL,NULL,NULL,NULL);
INSERT INTO "TCITAS" ("ID","HORARIO_INICIO","HORARIO_FIN","UBICACION","ID_PACIENTE","ID_MEDICO","ACUDIO","FECHA","INFORMACION","ESPECIALIDAD","HORA_ENTRADA","HORA_SALIDA") VALUES (1334967033,'21 : 09','22 : 09','Quirófano 10',3,1,NULL,'29-11-2021',NULL,NULL,NULL,NULL);
INSERT INTO "TCITAS" ("ID","HORARIO_INICIO","HORARIO_FIN","UBICACION","ID_PACIENTE","ID_MEDICO","ACUDIO","FECHA","INFORMACION","ESPECIALIDAD","HORA_ENTRADA","HORA_SALIDA") VALUES (204009173,'21 : 09','22 : 09','Sala 77',1,1,NULL,'29-11-2021',NULL,NULL,NULL,NULL);
INSERT INTO "TCITAS" ("ID","HORARIO_INICIO","HORARIO_FIN","UBICACION","ID_PACIENTE","ID_MEDICO","ACUDIO","FECHA","INFORMACION","ESPECIALIDAD","HORA_ENTRADA","HORA_SALIDA") VALUES (10843828,'09:30','09:45','Sala 3',1,2,NULL,'02-12-2021',NULL,'Farmacología Clínica',NULL,NULL);
INSERT INTO "TCITAS" ("ID","HORARIO_INICIO","HORARIO_FIN","UBICACION","ID_PACIENTE","ID_MEDICO","ACUDIO","FECHA","INFORMACION","ESPECIALIDAD","HORA_ENTRADA","HORA_SALIDA") VALUES (1262313861,'08 : 12','14 : 34',NULL,2,1,'No acudió','29-11-2021',NULL,NULL,'8 : 12','14 : 34');
INSERT INTO "TDIAGNOSTICOS" ("id","id_paciente","diagnostico","fecha","id_medico","hora_creacion","actual") VALUES (1,1,'Gripe','26-11-2021',2,'12:38','No');
INSERT INTO "TDIAGNOSTICOS" ("id","id_paciente","diagnostico","fecha","id_medico","hora_creacion","actual") VALUES (2,2,'Catarrazo','29-11-2021',1,'23:39','Sí');
INSERT INTO "TENFERMEROS" ("ID","NOMBRE") VALUES (1,'Pepito Pérez Mayor');
INSERT INTO "TENFERMEROS" ("ID","NOMBRE") VALUES (2,'Jesé Gracía Fernández');
INSERT INTO "TENFERMEROS" ("ID","NOMBRE") VALUES (3,'Eric García Busquets');
INSERT INTO "TENFERMEROS" ("ID","NOMBRE") VALUES (4,'Nacho Fernández Monreal');
INSERT INTO "THISTORIALES" ("IDPACIENTE","INFORMACIONADICIONAL") VALUES (1,'Problemas de espalda');
INSERT INTO "THISTORIALES" ("IDPACIENTE","INFORMACIONADICIONAL") VALUES (2,'Pierna rota');
INSERT INTO "THISTORIALES" ("IDPACIENTE","INFORMACIONADICIONAL") VALUES (3,'Adicto a la Coca Cola');
INSERT INTO "TJORNADALABORAL" ("ID","ID_TRABAJADOR","DIA_COMIENZO","HORA_ENTRADA","DIA_FIN","HORA_SALIDA","LUNES","MARTES","MIERCOLES","JUEVES","VIERNES","SABADO","DOMINGO") VALUES (16,2,'2021-11-26','16:30','2021-11-28','23:30',1,1,1,1,1,0,0);
INSERT INTO "TJORNADALABORAL" ("ID","ID_TRABAJADOR","DIA_COMIENZO","HORA_ENTRADA","DIA_FIN","HORA_SALIDA","LUNES","MARTES","MIERCOLES","JUEVES","VIERNES","SABADO","DOMINGO") VALUES (17,6,'2021-11-26','17:00','2021-11-27','17:00',1,1,1,1,1,0,0);
INSERT INTO "TMEDICOS" ("ID","NOMBRE","ESPECIALIDAD","EMAIL") VALUES (1,'María Fernández Lopez','Traumatología','ihospital4738@gmail.com');
INSERT INTO "TMEDICOS" ("ID","NOMBRE","ESPECIALIDAD","EMAIL") VALUES (2,'Pedro Domínguez Mauregato','Oncología','ihospital4738@gmail.com');
INSERT INTO "TMEDICOS" ("ID","NOMBRE","ESPECIALIDAD","EMAIL") VALUES (3,'Rodrigo Álvarez García','Alergología','ihospital4738@gmail.com');
INSERT INTO "TPACIENTES" ("ID","NOMBRE","INFO_CONTACTO","APELLIDO") VALUES (1,'Santi','654576323','Gómez de la Serna');
INSERT INTO "TPACIENTES" ("ID","NOMBRE","INFO_CONTACTO","APELLIDO") VALUES (2,'Lucas','621341275','Pérez de la Sarna');
INSERT INTO "TPACIENTES" ("ID","NOMBRE","INFO_CONTACTO","APELLIDO") VALUES (3,'Moisés','674837463','Manín Lolín');
INSERT INTO "TPRESCRIPCIONES" ("ID","PACIENTE_ID","NOMBRE","INDICACIONES","MEDICAMENTO","CANTIDAD","INTERVALO","DURACION","FECHA","HORA") VALUES (9,1,'Dalsy','Mantener fuera del alcance de los niños.',1,'10 mg.','12 horas','1 semana','2021-11-07','13:57');
INSERT INTO "TPRESCRIPCIONES" ("ID","PACIENTE_ID","NOMBRE","INDICACIONES","MEDICAMENTO","CANTIDAD","INTERVALO","DURACION","FECHA","HORA") VALUES (11,1,'Aspirina','Si despúes de la primera semana continúa el dolor seguir otra semana más.',1,'20 mg.','24 h.','1 semana','2021-11-08','20:20');
INSERT INTO "TPRESCRIPCIONES" ("ID","PACIENTE_ID","NOMBRE","INDICACIONES","MEDICAMENTO","CANTIDAD","INTERVALO","DURACION","FECHA","HORA") VALUES (12,1,'Dalsy','Mantener fuera del alcance de los niños.',1,'10 mg.','12 horas','1 semana','2021-11-27','19:04');
INSERT INTO "TPROCEDIMIENTOS" ("id","cita_id","procedimiento","fecha","hora") VALUES (3,182922447,'Radiografía','29-11-2021','23:9');
INSERT INTO "TVACUNAS" ("ID","PACIENTE_ID","VACUNA","FECHA","HORA") VALUES (1,1,'Sarampión','26-11-2021','12:39');
INSERT INTO "TVACUNAS" ("ID","PACIENTE_ID","VACUNA","FECHA","HORA") VALUES (2,2,'COVID 27','29-11-2027','06:30');
INSERT INTO "TTRABAJADORES" ("ID","CATEGORIA","ID_MEDICO","ID_ENFERMERO") VALUES (1,'MEDICO',1,NULL);
INSERT INTO "TTRABAJADORES" ("ID","CATEGORIA","ID_MEDICO","ID_ENFERMERO") VALUES (2,'MEDICO',2,NULL);
INSERT INTO "TTRABAJADORES" ("ID","CATEGORIA","ID_MEDICO","ID_ENFERMERO") VALUES (3,'MEDICO',3,NULL);
INSERT INTO "TTRABAJADORES" ("ID","CATEGORIA","ID_MEDICO","ID_ENFERMERO") VALUES (4,'ENFERMERO',NULL,1);
INSERT INTO "TTRABAJADORES" ("ID","CATEGORIA","ID_MEDICO","ID_ENFERMERO") VALUES (5,'ENFERMERO',NULL,2);
INSERT INTO "TTRABAJADORES" ("ID","CATEGORIA","ID_MEDICO","ID_ENFERMERO") VALUES (6,'ENFERMERO',NULL,3);
INSERT INTO "TTRABAJADORES" ("ID","CATEGORIA","ID_MEDICO","ID_ENFERMERO") VALUES (7,'ENFERMERO',NULL,4);
INSERT INTO "TUSUARIOS" ("ID","USER","PASSWORD","CATEGORY","ID_ASOCIADO","EMAIL","EXPIRATION") VALUES (1,'med_1','OY~xn^','MEDICO',1,'UO250825@uniovi.es','2021-11-27 13:03');
INSERT INTO "TUSUARIOS" ("ID","USER","PASSWORD","CATEGORY","ID_ASOCIADO","EMAIL","EXPIRATION") VALUES (2,'med_2',';<=','MEDICO',2,'papapapa@uniovi.es',NULL);
INSERT INTO "TUSUARIOS" ("ID","USER","PASSWORD","CATEGORY","ID_ASOCIADO","EMAIL","EXPIRATION") VALUES (3,'med_3',';<=','MEDICO',3,'pepepepe@uniovi.es',NULL);
INSERT INTO "TUSUARIOS" ("ID","USER","PASSWORD","CATEGORY","ID_ASOCIADO","EMAIL","EXPIRATION") VALUES (4,'admin_1',';<=','ADMINISTRATIVO',1,'a',NULL);
INSERT INTO "TUSUARIOS" ("ID","USER","PASSWORD","CATEGORY","ID_ASOCIADO","EMAIL","EXPIRATION") VALUES (5,'ger_1',';<=','GERENTE',1,'b',NULL);
INSERT INTO "TUSERS" ("ID","USER","PASSWORD","CATEGORY","ID_ASOCIADO","EMAIL","EXPIRATION") VALUES (1,'med_1','~KNn}','MEDICO',1,'UO250825@uniovi.es','2021-11-30 23:00');
INSERT INTO "TUSERS" ("ID","USER","PASSWORD","CATEGORY","ID_ASOCIADO","EMAIL","EXPIRATION") VALUES (2,'med_2',';<=','MEDICO',2,'papapapa@uniovi.es',NULL);
INSERT INTO "TUSERS" ("ID","USER","PASSWORD","CATEGORY","ID_ASOCIADO","EMAIL","EXPIRATION") VALUES (3,'med_3',';<=','MEDICO',3,'pepepepe@uniovi.es',NULL);
INSERT INTO "TUSERS" ("ID","USER","PASSWORD","CATEGORY","ID_ASOCIADO","EMAIL","EXPIRATION") VALUES (4,'admin_1',';<=','ADMINISTRATIVO',1,'a',NULL);
INSERT INTO "TUSERS" ("ID","USER","PASSWORD","CATEGORY","ID_ASOCIADO","EMAIL","EXPIRATION") VALUES (5,'ger_1',';<=','GERENTE',1,'b',NULL);
INSERT INTO "TCITASPENDIENTES" ("ID","HORA_ENTRADA","HORA_SALIDA","UBICACION","ID_PACIENTE","ID_MEDICO","FECHA","CONTACTO_MEDICO","ESTADO") VALUES (1685034484,'19 : 42','22 : 42','',1,1,'29-11-2021','ihospital4738@gmail.com','MedicoReview');
INSERT INTO "TMENSAJES" ("ASUNTO","MENSAJE","REMITENTE","DESTINATARIO","ADJUNTO","HORA_DE_ENVIO") VALUES ('IMPORTANTE','Hola buenas',2,1,NULL,NULL);
INSERT INTO "TMENSAJES" ("ASUNTO","MENSAJE","REMITENTE","DESTINATARIO","ADJUNTO","HORA_DE_ENVIO") VALUES ('IMPORTANTE PARTE 2','Hola buenísimas, que tal la vida?',2,1,NULL,NULL);
INSERT INTO "TMENSAJES" ("ASUNTO","MENSAJE","REMITENTE","DESTINATARIO","ADJUNTO","HORA_DE_ENVIO") VALUES ('Re: IMPORTANTE','Hola Pedro, la verdad que yo estoy de lujo y tu?',1,2,NULL,NULL);
INSERT INTO "TMENSAJES" ("ASUNTO","MENSAJE","REMITENTE","DESTINATARIO","ADJUNTO","HORA_DE_ENVIO") VALUES ('Imagen Importante','Aquí la imagen que decía ayer',2,1,'C:\Users\mateo\Downloads\ICONO MODERN CRUSADERS (No Nombre) 2.png',NULL);
INSERT INTO "TMENSAJES" ("ASUNTO","MENSAJE","REMITENTE","DESTINATARIO","ADJUNTO","HORA_DE_ENVIO") VALUES ('Re: Imagen Importante','Vale, pero no te parece mejor esta?',1,2,'C:\Users\mateo\Downloads\Act 3 4K (104).png',NULL);
INSERT INTO "TMENSAJES" ("ASUNTO","MENSAJE","REMITENTE","DESTINATARIO","ADJUNTO","HORA_DE_ENVIO") VALUES ('Re: Re: Imagen Importante','Si, igual podría estar mejor esa para la portada',2,1,NULL,NULL);
INSERT INTO "TMENSAJES" ("ASUNTO","MENSAJE","REMITENTE","DESTINATARIO","ADJUNTO","HORA_DE_ENVIO") VALUES ('Mira esta imagen','Hola',1,2,'C:\Users\mateo\Downloads\Act 3 4K (50).png',NULL);
INSERT INTO "TMENSAJES" ("ASUNTO","MENSAJE","REMITENTE","DESTINATARIO","ADJUNTO","HORA_DE_ENVIO") VALUES ('Re: Mira esta imagen','Documento Adjunto',2,1,'C:\Users\mateo\Desktop\Documento de Prueba.docx',NULL);
INSERT INTO "TMENSAJES" ("ASUNTO","MENSAJE","REMITENTE","DESTINATARIO","ADJUNTO","HORA_DE_ENVIO") VALUES ('Re: Re: Mira esta imagen','Ok.',1,2,'C:\Users\mateo\Desktop\Documento de Prueba.docx',NULL);
INSERT INTO "TMENSAJES" ("ASUNTO","MENSAJE","REMITENTE","DESTINATARIO","ADJUNTO","HORA_DE_ENVIO") VALUES ('Re: Re: Re: Mira esta imagen','Guay.',2,1,'C:\Users\mateo\Desktop\Documento de Prueba.docx',NULL);
INSERT INTO "TASIGNADOAPENDIENTE" ("ID_CITA","ID_MEDICO") VALUES (1685034484,1);
INSERT INTO "TASIGNADOAPENDIENTE" ("ID_CITA","ID_MEDICO") VALUES (1685034484,2);
INSERT INTO "TREGISTRO" ("ID","QUIEN","QUE","FECHA","HORA") VALUES (1,'med_1','Consulta calendario citas','2021-11-26','12:27');
INSERT INTO "TREGISTRO" ("ID","QUIEN","QUE","FECHA","HORA") VALUES (2,'admin_1','Consulta registro','2021-11-26','12:29');
INSERT INTO "TREGISTRO" ("ID","QUIEN","QUE","FECHA","HORA") VALUES (3,'admin_1','Consulta registro','2021-11-26','12:29');
INSERT INTO "TREGISTRO" ("ID","QUIEN","QUE","FECHA","HORA") VALUES (4,'med_1','Consulta calendario citas','2021-11-26','12:29');
INSERT INTO "TREGISTRO" ("ID","QUIEN","QUE","FECHA","HORA") VALUES (5,'med_1','Consulta calendario citas','2021-11-26','12:29');
INSERT INTO "TREGISTRO" ("ID","QUIEN","QUE","FECHA","HORA") VALUES (6,'med_1','Consulta calendario citas','2021-11-26','12:29');
INSERT INTO "TREGISTRO" ("ID","QUIEN","QUE","FECHA","HORA") VALUES (7,'med_1','Consulta calendario citas','2021-11-26','12:29');
INSERT INTO "TREGISTRO" ("ID","QUIEN","QUE","FECHA","HORA") VALUES (8,'med_1','Consulta calendario citas','2021-11-26','12:33');
INSERT INTO "TREGISTRO" ("ID","QUIEN","QUE","FECHA","HORA") VALUES (9,'admin_1','Consulta registro','2021-11-26','12:33');
INSERT INTO "TREGISTRO" ("ID","QUIEN","QUE","FECHA","HORA") VALUES (10,'med_2','Consulta calendario citas','2021-11-26','12:36');
INSERT INTO "TREGISTRO" ("ID","QUIEN","QUE","FECHA","HORA") VALUES (11,'med_2','Ha informado de una EDO: null','2021-11-26','12:36');
INSERT INTO "TREGISTRO" ("ID","QUIEN","QUE","FECHA","HORA") VALUES (12,'med_2','Consulta historial de paciente 1','2021-11-26','12:37');
INSERT INTO "TREGISTRO" ("ID","QUIEN","QUE","FECHA","HORA") VALUES (13,'med_2','Indica que el paciente 1 Acudio','2021-11-26','12:40');
INSERT INTO "TREGISTRO" ("ID","QUIEN","QUE","FECHA","HORA") VALUES (14,'med_2','Indica que el paciente 1 Acudio','2021-11-26','12:40');
INSERT INTO "TREGISTRO" ("ID","QUIEN","QUE","FECHA","HORA") VALUES (15,'ger_1','Consulta estadísticas','2021-11-26','12:40');
INSERT INTO "TREGISTRO" ("ID","QUIEN","QUE","FECHA","HORA") VALUES (16,'ger_1','Consulta estadísticas','2021-11-26','12:44');
INSERT INTO "TREGISTRO" ("ID","QUIEN","QUE","FECHA","HORA") VALUES (17,'med_1','Consulta calendario citas','2021-11-26','12:45');
INSERT INTO "TREGISTRO" ("ID","QUIEN","QUE","FECHA","HORA") VALUES (18,'med_2','Consulta calendario citas','2021-11-26','13:03');
INSERT INTO "TREGISTRO" ("ID","QUIEN","QUE","FECHA","HORA") VALUES (19,'med_2','Consulta calendario citas','2021-11-26','13:04');
INSERT INTO "TREGISTRO" ("ID","QUIEN","QUE","FECHA","HORA") VALUES (20,'med_2','Ha informado de una EDO. Nombre: null. Observaciones: Sin definir','2021-11-26','13:05');
INSERT INTO "TREGISTRO" ("ID","QUIEN","QUE","FECHA","HORA") VALUES (21,'med_2','Consulta calendario citas','2021-11-26','13:14');
INSERT INTO "TREGISTRO" ("ID","QUIEN","QUE","FECHA","HORA") VALUES (22,'med_2','Ha informado de una EDO. Nombre: Sin definir. Observaciones: Tiene mala pinta','2021-11-26','13:14');
INSERT INTO "TREGISTRO" ("ID","QUIEN","QUE","FECHA","HORA") VALUES (23,'med_2','Consulta calendario citas','2021-11-26','13:28');
INSERT INTO "TREGISTRO" ("ID","QUIEN","QUE","FECHA","HORA") VALUES (24,'med_2','Consulta calendario citas','2021-11-26','13:53');
INSERT INTO "TREGISTRO" ("ID","QUIEN","QUE","FECHA","HORA") VALUES (25,'med_2','Consulta calendario citas','2021-11-26','14:11');
INSERT INTO "TREGISTRO" ("ID","QUIEN","QUE","FECHA","HORA") VALUES (26,'admin_1','Asigna jornada','2021-11-26','14:12');
INSERT INTO "TREGISTRO" ("ID","QUIEN","QUE","FECHA","HORA") VALUES (27,'admin_1','Asigna jornada','2021-11-26','15:21');
INSERT INTO "TREGISTRO" ("ID","QUIEN","QUE","FECHA","HORA") VALUES (28,'admin_1','Asigna jornada','2021-11-26','15:43');
INSERT INTO "TREGISTRO" ("ID","QUIEN","QUE","FECHA","HORA") VALUES (29,'admin_1','Asigna jornada','2021-11-26','16:13');
INSERT INTO "TREGISTRO" ("ID","QUIEN","QUE","FECHA","HORA") VALUES (30,'admin_1','Asigna jornada','2021-11-26','16:13');
INSERT INTO "TREGISTRO" ("ID","QUIEN","QUE","FECHA","HORA") VALUES (31,'admin_1','Asigna jornada','2021-11-26','16:13');
INSERT INTO "TREGISTRO" ("ID","QUIEN","QUE","FECHA","HORA") VALUES (32,'admin_1','Asigna jornada','2021-11-26','16:15');
INSERT INTO "TREGISTRO" ("ID","QUIEN","QUE","FECHA","HORA") VALUES (33,'admin_1','Asigna jornada','2021-11-26','16:17');
INSERT INTO "TREGISTRO" ("ID","QUIEN","QUE","FECHA","HORA") VALUES (34,'admin_1','Asigna jornada','2021-11-26','16:17');
INSERT INTO "TREGISTRO" ("ID","QUIEN","QUE","FECHA","HORA") VALUES (35,'admin_1','Asigna jornada','2021-11-26','16:20');
INSERT INTO "TREGISTRO" ("ID","QUIEN","QUE","FECHA","HORA") VALUES (36,'admin_1','Asigna jornada','2021-11-26','16:21');
INSERT INTO "TREGISTRO" ("ID","QUIEN","QUE","FECHA","HORA") VALUES (37,'admin_1','Asigna jornada','2021-11-26','16:21');
INSERT INTO "TREGISTRO" ("ID","QUIEN","QUE","FECHA","HORA") VALUES (38,'admin_1','Asigna jornada','2021-11-26','16:21');
INSERT INTO "TREGISTRO" ("ID","QUIEN","QUE","FECHA","HORA") VALUES (39,'admin_1','Asigna jornada','2021-11-26','16:21');
INSERT INTO "TREGISTRO" ("ID","QUIEN","QUE","FECHA","HORA") VALUES (40,'admin_1','Asigna jornada','2021-11-26','16:22');
INSERT INTO "TREGISTRO" ("ID","QUIEN","QUE","FECHA","HORA") VALUES (41,'admin_1','Asigna jornada','2021-11-26','16:22');
INSERT INTO "TREGISTRO" ("ID","QUIEN","QUE","FECHA","HORA") VALUES (42,'admin_1','Asigna jornada','2021-11-26','16:22');
INSERT INTO "TREGISTRO" ("ID","QUIEN","QUE","FECHA","HORA") VALUES (43,'admin_1','Consulta lista de jornadas','2021-11-26','16:27');
INSERT INTO "TREGISTRO" ("ID","QUIEN","QUE","FECHA","HORA") VALUES (44,'admin_1','Asigna jornada','2021-11-26','16:31');
INSERT INTO "TREGISTRO" ("ID","QUIEN","QUE","FECHA","HORA") VALUES (45,'admin_1','Consulta lista de jornadas','2021-11-26','16:31');
INSERT INTO "TREGISTRO" ("ID","QUIEN","QUE","FECHA","HORA") VALUES (46,'admin_1','Consulta lista de jornadas','2021-11-26','16:46');
INSERT INTO "TREGISTRO" ("ID","QUIEN","QUE","FECHA","HORA") VALUES (47,'admin_1','Actualiza jornada16','2021-11-26','16:47');
INSERT INTO "TREGISTRO" ("ID","QUIEN","QUE","FECHA","HORA") VALUES (48,'admin_1','Consulta lista de jornadas','2021-11-26','16:55');
INSERT INTO "TREGISTRO" ("ID","QUIEN","QUE","FECHA","HORA") VALUES (49,'admin_1','Consulta lista de jornadas','2021-11-26','16:57');
INSERT INTO "TREGISTRO" ("ID","QUIEN","QUE","FECHA","HORA") VALUES (50,'admin_1','Consulta lista de jornadas','2021-11-26','16:59');
INSERT INTO "TREGISTRO" ("ID","QUIEN","QUE","FECHA","HORA") VALUES (51,'admin_1','Consulta lista de jornadas','2021-11-26','17:00');
INSERT INTO "TREGISTRO" ("ID","QUIEN","QUE","FECHA","HORA") VALUES (52,'admin_1','Asigna jornada','2021-11-26','17:00');
INSERT INTO "TREGISTRO" ("ID","QUIEN","QUE","FECHA","HORA") VALUES (53,'admin_1','Consulta lista de jornadas','2021-11-26','17:01');
INSERT INTO "TREGISTRO" ("ID","QUIEN","QUE","FECHA","HORA") VALUES (54,'admin_1','Consulta lista de jornadas','2021-11-26','17:02');
INSERT INTO "TREGISTRO" ("ID","QUIEN","QUE","FECHA","HORA") VALUES (55,'admin_1','Consulta lista de jornadas','2021-11-26','17:20');
INSERT INTO "TREGISTRO" ("ID","QUIEN","QUE","FECHA","HORA") VALUES (56,'admin_1','Consulta lista de jornadas','2021-11-26','17:21');
INSERT INTO "TREGISTRO" ("ID","QUIEN","QUE","FECHA","HORA") VALUES (57,'admin_1','Consulta lista de jornadas','2021-11-26','18:07');
INSERT INTO "TREGISTRO" ("ID","QUIEN","QUE","FECHA","HORA") VALUES (58,'admin_1','Consulta lista de jornadas','2021-11-26','18:08');
INSERT INTO "TREGISTRO" ("ID","QUIEN","QUE","FECHA","HORA") VALUES (59,'admin_1','Consulta lista de jornadas','2021-11-26','18:14');
INSERT INTO "TREGISTRO" ("ID","QUIEN","QUE","FECHA","HORA") VALUES (60,'admin_1','Consulta lista de jornadas','2021-11-26','18:19');
INSERT INTO "TREGISTRO" ("ID","QUIEN","QUE","FECHA","HORA") VALUES (61,'Médico 1','Consulta calendario citas','2021-11-29','22:09');
INSERT INTO "TREGISTRO" ("ID","QUIEN","QUE","FECHA","HORA") VALUES (62,'Médico 1','Consulta calendario citas','2021-11-29','22:10');
INSERT INTO "TREGISTRO" ("ID","QUIEN","QUE","FECHA","HORA") VALUES (63,'Administrativo','Consulta lista de jornadas','2021-11-29','22:50');
INSERT INTO "TREGISTRO" ("ID","QUIEN","QUE","FECHA","HORA") VALUES (64,'Administrativo','Consulta registro','2021-11-29','22:50');
INSERT INTO "TREGISTRO" ("ID","QUIEN","QUE","FECHA","HORA") VALUES (65,'Administrativo','Consulta calendario citas','2021-11-29','22:57');
INSERT INTO "TREGISTRO" ("ID","QUIEN","QUE","FECHA","HORA") VALUES (66,'Administrativo','Consulta calendario citas','2021-11-29','22:59');
INSERT INTO "TREGISTRO" ("ID","QUIEN","QUE","FECHA","HORA") VALUES (67,'Médico 1','Consulta calendario citas','2021-11-29','23:02');
INSERT INTO "TREGISTRO" ("ID","QUIEN","QUE","FECHA","HORA") VALUES (68,'Médico X','Añade causa id: 182922447','2021-11-29','23:03');
INSERT INTO "TREGISTRO" ("ID","QUIEN","QUE","FECHA","HORA") VALUES (69,'Médico 1','Consulta calendario citas','2021-11-29','23:06');
INSERT INTO "TREGISTRO" ("ID","QUIEN","QUE","FECHA","HORA") VALUES (70,'Médico 1','Ha informado de una EDO. Nombre: Viruela. Observaciones: Huele mal.','2021-11-29','23:07');
INSERT INTO "TREGISTRO" ("ID","QUIEN","QUE","FECHA","HORA") VALUES (71,'Médico 1','Consulta calendario citas','2021-11-29','23:09');
INSERT INTO "TREGISTRO" ("ID","QUIEN","QUE","FECHA","HORA") VALUES (72,'Médico 1','Consulta calendario citas','2021-11-29','23:12');
INSERT INTO "TREGISTRO" ("ID","QUIEN","QUE","FECHA","HORA") VALUES (73,'Médico 2','Consulta calendario citas','2021-11-29','23:15');
INSERT INTO "TREGISTRO" ("ID","QUIEN","QUE","FECHA","HORA") VALUES (74,'Gerente','Consulta estadísticas','2021-11-29','23:17');
INSERT INTO "TREGISTRO" ("ID","QUIEN","QUE","FECHA","HORA") VALUES (75,'Administrativo','Consulta calendario citas','2021-11-29','23:19');
INSERT INTO "TREGISTRO" ("ID","QUIEN","QUE","FECHA","HORA") VALUES (76,'Administrativo','Consulta historial','2021-11-29','23:19');
INSERT INTO "TREGISTRO" ("ID","QUIEN","QUE","FECHA","HORA") VALUES (77,'Administrativo','Consulta registro','2021-11-29','23:20');
INSERT INTO "TREGISTRO" ("ID","QUIEN","QUE","FECHA","HORA") VALUES (78,'Médico 1','Consulta calendario citas','2021-11-29','23:28');
INSERT INTO "TREGISTRO" ("ID","QUIEN","QUE","FECHA","HORA") VALUES (79,'Médico 1','Consulta historial de paciente 2','2021-11-29','23:29');
INSERT INTO "TREGISTRO" ("ID","QUIEN","QUE","FECHA","HORA") VALUES (80,'Médico 1','Indica que el paciente 2 acudió a la cita 1262313861','2021-11-29','23:31');
INSERT INTO "TREGISTRO" ("ID","QUIEN","QUE","FECHA","HORA") VALUES (81,'Médico 1','Indica que el paciente 2 no acudió a la cita 1262313861','2021-11-29','23:31');
INSERT INTO "TREGISTRO" ("ID","QUIEN","QUE","FECHA","HORA") VALUES (82,'Médico 1','Indica que el paciente 2 acudió a la cita 1262313861','2021-11-29','23:31');
INSERT INTO "TREGISTRO" ("ID","QUIEN","QUE","FECHA","HORA") VALUES (83,'Médico 1','Consulta calendario citas','2021-11-29','23:33');
INSERT INTO "TREGISTRO" ("ID","QUIEN","QUE","FECHA","HORA") VALUES (84,'Médico 1','Consulta calendario citas','2021-11-29','23:39');
INSERT INTO "TREGISTRO" ("ID","QUIEN","QUE","FECHA","HORA") VALUES (85,'Médico 1','Consulta historial de paciente 2','2021-11-29','23:39');
INSERT INTO "TREGISTRO" ("ID","QUIEN","QUE","FECHA","HORA") VALUES (86,'Médico 1','Consulta calendario citas','2021-11-29','23:41');
INSERT INTO "TREGISTRO" ("ID","QUIEN","QUE","FECHA","HORA") VALUES (87,'Médico 1','Consulta calendario citas','2021-11-29','23:42');
INSERT INTO "TREGISTRO" ("ID","QUIEN","QUE","FECHA","HORA") VALUES (88,'Médico 1','Indica que el paciente 2 no acudió a la cita 1262313861','2021-11-29','23:42');
INSERT INTO "TREGISTRO" ("ID","QUIEN","QUE","FECHA","HORA") VALUES (89,'Médico 1','Indica que el paciente 2 no acudió a la cita 1262313861','2021-11-29','23:42');
INSERT INTO "TREGISTRO" ("ID","QUIEN","QUE","FECHA","HORA") VALUES (90,'Administrativo','Consulta registro','2021-11-29','23:45');
INSERT INTO "TREGISTRO" ("ID","QUIEN","QUE","FECHA","HORA") VALUES (91,'Médico 2','Consulta calendario citas','2021-11-29','23:45');
INSERT INTO "TREGISTRO" ("ID","QUIEN","QUE","FECHA","HORA") VALUES (92,'Médico 2','Indica que el paciente 1 no acudió a la cita 106129416','2021-11-29','23:46');
INSERT INTO "TREGISTRO" ("ID","QUIEN","QUE","FECHA","HORA") VALUES (93,'Médico 2','Indica que el paciente 1 no acudió a la cita 106129416','2021-11-29','23:46');
INSERT INTO "TREGISTRO" ("ID","QUIEN","QUE","FECHA","HORA") VALUES (94,'Médico [dtos.CitaDto@4ab8fdcd]','Añade causa id: 106129416','2021-11-29','23:46');
INSERT INTO "TREGISTRO" ("ID","QUIEN","QUE","FECHA","HORA") VALUES (95,'Gerente','Consulta estadísticas','2021-11-29','23:47');
INSERT INTO "TREGISTRO" ("ID","QUIEN","QUE","FECHA","HORA") VALUES (96,'Gerente','Consulta estadísticas','2021-11-29','23:47');
INSERT INTO "TREGISTRO" ("ID","QUIEN","QUE","FECHA","HORA") VALUES (97,'Administrativo','Consulta registro','2021-11-29','23:47');
COMMIT;
